<?xml version="1.0" encoding="UTF-8"?>
<project-private xmlns="http://www.netbeans.org/ns/project-private/1">
    <editor-bookmarks xmlns="http://www.netbeans.org/ns/editor-bookmarks/2" lastBookmarkId="0"/>
    <open-files xmlns="http://www.netbeans.org/ns/projectui-open-files/2">
        <group>
            <file>file:/Users/jerryonyango/Desktop/FreeRTOS_Lab_8%202/src/vP5Task/vP5Task.c</file>
            <file>file:/Users/jerryonyango/Desktop/FreeRTOS_Lab_8%202/src/vP1Task/vP1Task.c</file>
            <file>file:/Users/jerryonyango/Desktop/FreeRTOS_Lab_8%202/src/vP3Task/vP3Task.c</file>
            <file>file:/Users/jerryonyango/Desktop/FreeRTOS_Lab_8%202/src/vP4Task/vP4Task.c</file>
            <file>file:/Users/jerryonyango/Desktop/FreeRTOS_Lab_8%202/src/third_party/rtos/FreeRTOS/Source/include/projdefs.h</file>
            <file>file:/Users/jerryonyango/Desktop/FreeRTOS_Lab_8%202/src/third_party/rtos/FreeRTOS/Source/include/queue.h</file>
            <file>file:/Users/jerryonyango/Desktop/FreeRTOS_Lab_8%202/src/dummyTask/dummyTask.c</file>
            <file>file:/Users/jerryonyango/Desktop/FreeRTOS_Lab_8%202/src/vP2Task/vP2Task.c</file>
        </group>
    </open-files>
</project-private>
