<?xml version="1.0" encoding="UTF-8"?>
<project xmlns="http://www.netbeans.org/ns/project/1">
    <type>com.microchip.mplab.nbide.embedded.makeproject</type>
    <configuration>
        <data xmlns="http://www.netbeans.org/ns/make-project/1">
            <name>Oct8LectureDemo</name>
            <creation-uuid>87dceb77-de41-4fdb-aa00-13637a0e6b84</creation-uuid>
            <make-project-type>0</make-project-type>
            <sourceEncoding>ISO-8859-1</sourceEncoding>
            <make-dep-projects/>
            <sourceRootList>
                <sourceRootElem>../src/config/default</sourceRootElem>
                <sourceRootElem>../src/debounce</sourceRootElem>
                <sourceRootElem>../src/dummyTask</sourceRootElem>
                <sourceRootElem>../src/pwm</sourceRootElem>
                <sourceRootElem>../src/task1</sourceRootElem>
                <sourceRootElem>../src/vP1Task</sourceRootElem>
                <sourceRootElem>../src/vP2Task</sourceRootElem>
                <sourceRootElem>../src/vP3Task</sourceRootElem>
                <sourceRootElem>../src/vP4Task</sourceRootElem>
                <sourceRootElem>../src/vP5Task</sourceRootElem>
            </sourceRootList>
            <confList>
                <confElem>
                    <name>default</name>
                    <type>2</type>
                </confElem>
            </confList>
            <formatting>
                <project-formatting-style>false</project-formatting-style>
            </formatting>
        </data>
    </configuration>
</project>
